﻿Designator,Footprint,Quantity,Value,LCSC Part #
"C1, C11, C3, C4, C6, C7",0805,6,10u,C15850
"C10, C8, C9",0805,3,0.1u,C5137467
"C2, C5",0805,2,22u,C602037
D1,D_SMB,1,P6SMB16A,C286252
D2,1206,1,LED,C2985981
D3,1206,1,LED,C2984265
D4,1206,1,LED,C2984261
F1,2920,1,2920L400/15MR,C720182
R1,0805,1,53.6k,C5153984
"R10, R11, R12, R13, R14, R5, R6, R7, R8",0805,9,10k,C84376
"R15, R16",0805,2,0,C17477
"R2, R4",0805,2,100k,C96346
R3,0805,1,19.1k,C2930175
R9,R_Shunt_Vishay_WSK2512_6332Metric_T1.19mm,1,CMS-R050-1.0,C500733
TP1,TestPoint_Pad_D2.0mm,1,12V TP,
TP10,TestPoint_Pad_D2.0mm,1,TACH2,
TP2,TestPoint_Pad_D2.0mm,1,5V TP,
TP3,TestPoint_Pad_D2.0mm,1,VMCU TP,
TP4,TestPoint_Pad_D2.0mm,1,3V3 TP,
TP5,TestPoint_Pad_D2.0mm,1,SCL,
TP6,TestPoint_Pad_D2.0mm,1,SDA,
TP7,TestPoint_Pad_D2.0mm,1,FAN,
TP8,TestPoint_Pad_D2.0mm,1,TACH,
TP9,TestPoint_Pad_D2.0mm,1,TACH3,
U1,XIAO-ESP32C6-SMD,1,XIAO-ESP32-C6-SMD,
U2,QFN3p0x5p0x1p6_MPM3610_MNP,1,MPM3610GQV-P,C5183856
U3,SOT-363_SC-70-6,1,LM66100DCK,C2832141
U4,MSOP-8_3x3mm_P0.65mm,1,EMC2101-ACZL-TR,C626967
U5,SOIC-8_3.9x4.9mm_P1.27mm,1,INA219BIDR,C2155799
U6,SSOP-8_2.95x2.8mm_P0.65mm,1,74LVC3G07,C2871847
